Brand,Model,Generation,Type
ASTON MARTIN,ASTON MARTIN DBX,2025 Aston Martin DBX S,Car
ASTON MARTIN,ASTON MARTIN DBX,2024 Aston Martin DBX707,Car
ASTON MARTIN,ASTON MARTIN DBX,2022 Aston Martin DBX707,Car
ASTON MARTIN,ASTON MARTIN DBX,ASTON MARTIN DBX (2020-Present),Car
ASTON MARTIN,ASTON MARTIN V8 Vantage,2025 Aston Martin Vantage,Van
ASTON MARTIN,ASTON MARTIN V8 Vantage,Aston Martin Vantage AMR,Van
ASTON MARTIN,ASTON MARTIN V8 Vantage,2018 Aston Martin Vantage,Van
ASTON MARTIN,ASTON MARTIN V8 Vantage,2014 Aston Martin Vantage N430,Van
ASTON MARTIN,ASTON MARTIN V8 Vantage,ASTON MARTIN V8 Vantage N420 (2010-2014),Van
ASTON MARTIN,ASTON MARTIN V8 Vantage,2008 Aston Martin V8 Vantage,Van
ASTON MARTIN,ASTON MARTIN V8 Vantage,ASTON MARTIN V8 Vantage (2005-2008),Van
ASTON MARTIN,ASTON MARTIN V8 Vantage,1999 Aston Martin V8 Vantage Le Mans,Van
ASTON MARTIN,ASTON MARTIN V8 Vantage,ASTON MARTIN V8 Coupe (1996-2000),Van
ASTON MARTIN,ASTON MARTIN V8 Vantage,1993 Aston Martin V8 Vantage,Van
ASTON MARTIN,ASTON MARTIN V8 Vantage,ASTON MARTIN V8 Vantage (1977-1989),Van
ASTON MARTIN,ASTON MARTIN V8 Vantage,Aston Martin V8 Series 2,Van
ASTON MARTIN,ASTON MARTIN DBS,2024 Aston Martin DBS770 Ultimate,Car
ASTON MARTIN,ASTON MARTIN DBS,Aston Martin DBS Superleggera Volan,Car
ASTON MARTIN,ASTON MARTIN DBS,Aston Martin DBS Superleggera,Car
ASTON MARTIN,ASTON MARTIN DBS,ASTON MARTIN DBS (2008-2012),Car
ASTON MARTIN,ASTON MARTIN DBS,ASTON MARTIN DBS (1967-1972),Car
ASTON MARTIN,ASTON MARTIN DB12 Volante,2024 Aston Martin DB12 Volante,Car
ASTON MARTIN,ASTON MARTIN DB12,2024 Aston Martin DB12,Car
ASTON MARTIN,ASTON MARTIN Valhalla,ASTON MARTIN Valhalla (2022-Present),Car
ASTON MARTIN,ASTON MARTIN Vantage Roadster,ASTON MARTIN Vantage Roadster (2020-Present),Van
ASTON MARTIN,ASTON MARTIN Vanquish,2025 Aston Martin Vanquish,Van
ASTON MARTIN,ASTON MARTIN Vanquish,ASTON MARTIN Vanquish (2012-2018),Van
ASTON MARTIN,ASTON MARTIN Vanquish,ASTON MARTIN Vanquish (2001-2006),Van
ASTON MARTIN,ASTON MARTIN Vanquish Volante,2026 Aston Martin Vanquish Volante,Van
ASTON MARTIN,ASTON MARTIN Vanquish Volante,ASTON MARTIN Vanquish Volante (2013-2018),Van
ASTON MARTIN,ASTON MARTIN V12 Vantage,ASTON MARTIN V12 Vantage (2022-Present),Van
ASTON MARTIN,ASTON MARTIN V12 Vantage,ASTON MARTIN V12 Vantage Roadster (2022-Present),Van
ASTON MARTIN,ASTON MARTIN V12 Vantage,2018 Aston Martin V12 Vantage V600 Coupe,Van
ASTON MARTIN,ASTON MARTIN V12 Vantage,ASTON MARTIN V12 Vantage S (2013-2018),Van
ASTON MARTIN,ASTON MARTIN V12 Vantage,ASTON MARTIN V12 Vantage (2009-2013),Van
ASTON MARTIN,ASTON MARTIN Cygnet,ASTON MARTIN Cygnet (2011-2013),Car
ASTON MARTIN,ASTON MARTIN DB AR1,ASTON MARTIN DB AR1 (2003-2004),Car
ASTON MARTIN,ASTON MARTIN DB Mark III,1957 Aston Martin DB Mark III,Car
ASTON MARTIN,ASTON MARTIN DB11,Aston Martin DB11 AMR,Car
ASTON MARTIN,ASTON MARTIN DB11,Aston Martin DB11,Car
ASTON MARTIN,ASTON MARTIN DB11 Volante,Aston Martin DB11 Volante,Car
ASTON MARTIN,ASTON MARTIN DB2,ASTON MARTIN DB2 (1950-1953),Car
ASTON MARTIN,ASTON MARTIN DB4,1959 Aston Martin DB4 GT,Car
ASTON MARTIN,ASTON MARTIN DB4,1958 Aston Martin DB4,Car
ASTON MARTIN,ASTON MARTIN DB5,ASTON MARTIN DB5 (1963-1965),Car
ASTON MARTIN,ASTON MARTIN DB6,ASTON MARTIN DB6 (1965-1970),Car
ASTON MARTIN,ASTON MARTIN DB6 Volante,ASTON MARTIN DB6 Volante (1965-1970),Car
ASTON MARTIN,ASTON MARTIN DB7,ASTON MARTIN DB7 GT (2003-2004),Car
ASTON MARTIN,ASTON MARTIN DB7,2003 Aston Martin DB7 Zagato,Car
ASTON MARTIN,ASTON MARTIN DB7,ASTON MARTIN DB7 Vantage (1999-2003),Van
ASTON MARTIN,ASTON MARTIN DB7,1993 Aston Martin DB7,Car
ASTON MARTIN,ASTON MARTIN DB7 Volante,ASTON MARTIN DB7 Vantage Volante (1999-2003),Van
ASTON MARTIN,ASTON MARTIN DB7 Volante,ASTON MARTIN DB7 Volante (1996-1999),Car
ASTON MARTIN,ASTON MARTIN DB9,2015 Aston Martin DB9 Carbon Edition,Car
ASTON MARTIN,ASTON MARTIN DB9,ASTON MARTIN DB9 (2013-2016),Car
ASTON MARTIN,ASTON MARTIN DB9,ASTON MARTIN DB9 Coupe (2010-2012),Car
ASTON MARTIN,ASTON MARTIN DB9,ASTON MARTIN DB9 Coupe (2004-2010),Car
ASTON MARTIN,ASTON MARTIN DB9 Volante,ASTON MARTIN DB9 Volante (2013-2015),Car
ASTON MARTIN,ASTON MARTIN DB9 Volante,ASTON MARTIN DB9 Volante (2010-2012),Car
ASTON MARTIN,ASTON MARTIN DB9 Volante,ASTON MARTIN DB9 Volante (2004-2010),Car
ASTON MARTIN,ASTON MARTIN DBS Volante,2009 Aston Martin DBS Volante,Car
ASTON MARTIN,ASTON MARTIN Lagonda,ASTON MARTIN Lagonda (1986-1989),Car
ASTON MARTIN,ASTON MARTIN Lagonda,ASTON MARTIN Lagonda (1976-1986),Car
ASTON MARTIN,ASTON MARTIN One-77,ASTON MARTIN One-77 (2009-2012),Car
ASTON MARTIN,ASTON MARTIN Rapide,ASTON MARTIN Rapide (2010-2013),Car
ASTON MARTIN,ASTON MARTIN Rapide AMR,Aston Martin Rapide AMR,Car
ASTON MARTIN,ASTON MARTIN Rapide E,2019 Aston Martin Rapide E,Car
ASTON MARTIN,ASTON MARTIN Rapide S,ASTON MARTIN Rapide S (2013-2018),Car
ASTON MARTIN,ASTON MARTIN V12 Speedster,2020 Aston Martin V12 Speedster,Car
ASTON MARTIN,ASTON MARTIN V12 Vantage AMR,2017 Aston Martin Vantage AMR V12,Van
ASTON MARTIN,ASTON MARTIN V12 Vantage S Roadster,2014 Aston Martin V12 Vantage S Roadster,Van
ASTON MARTIN,ASTON MARTIN V12 Zagato,2012 Aston Martin V12 Zagato,Car
ASTON MARTIN,ASTON MARTIN V8 Vantage S,2011 Aston Martin V8 Vantage S,Van
ASTON MARTIN,ASTON MARTIN V8 Vantage S Roadster,2011 Aston Martin V8 Vantage S Roadster,Van
ASTON MARTIN,ASTON MARTIN V8 Volante,ASTON MARTIN V8 Vantage N420 Roadster (2010-2014),Van
ASTON MARTIN,ASTON MARTIN V8 Volante,ASTON MARTIN V8 Vantage Roadster (2008-2012),Van
ASTON MARTIN,ASTON MARTIN V8 Volante,ASTON MARTIN V8 Vantage Roadster (2006-2008),Van
ASTON MARTIN,ASTON MARTIN V8 Volante,ASTON MARTIN V8 Vantage Volante LWB (1998-2000),Van
ASTON MARTIN,ASTON MARTIN V8 Volante,ASTON MARTIN V8 Volante (1978-1989),Car
ASTON MARTIN,ASTON MARTIN Vanquish S,ASTON MARTIN Vanquish S (2016-2018),Van
ASTON MARTIN,ASTON MARTIN Vanquish S,ASTON MARTIN Vanquish S (2004-2007),Van
ASTON MARTIN,ASTON MARTIN Vantage GT12,ASTON MARTIN Vantage GT12 (2015-2016),Van
ASTON MARTIN,ASTON MARTIN Vantage GT8,Aston Martin Vantage GT8,Van
ASTON MARTIN,ASTON MARTIN Virage,ASTON MARTIN Virage (2011-2012),Car
ASTON MARTIN,ASTON MARTIN Virage,ASTON MARTIN Virage Coupe (1988-1995),Car
ASTON MARTIN,ASTON MARTIN Virage Volante,ASTON MARTIN Virage Volante (2011-2012),Car
ASTON MARTIN,ASTON MARTIN Virage Volante,ASTON MARTIN Virage Volante (1992-1996),Car
ASTON MARTIN,ASTON MARTIN Vulcan,ASTON MARTIN Vulcan (2015-2016),Car